-- MySQL dump 10.13  Distrib 8.0.41, for Win64 (x86_64)
--
-- Host: localhost    Database: 03035987
-- ------------------------------------------------------
-- Server version	8.0.41

/*!40101 SET @OLD_CHARACTER_SET_CLIENT=@@CHARACTER_SET_CLIENT */;
/*!40101 SET @OLD_CHARACTER_SET_RESULTS=@@CHARACTER_SET_RESULTS */;
/*!40101 SET @OLD_COLLATION_CONNECTION=@@COLLATION_CONNECTION */;
/*!50503 SET NAMES utf8mb4 */;
/*!40103 SET @OLD_TIME_ZONE=@@TIME_ZONE */;
/*!40103 SET TIME_ZONE='+00:00' */;
/*!40014 SET @OLD_UNIQUE_CHECKS=@@UNIQUE_CHECKS, UNIQUE_CHECKS=0 */;
/*!40014 SET @OLD_FOREIGN_KEY_CHECKS=@@FOREIGN_KEY_CHECKS, FOREIGN_KEY_CHECKS=0 */;
/*!40101 SET @OLD_SQL_MODE=@@SQL_MODE, SQL_MODE='NO_AUTO_VALUE_ON_ZERO' */;
/*!40111 SET @OLD_SQL_NOTES=@@SQL_NOTES, SQL_NOTES=0 */;

--
-- Table structure for table `cars`
--

DROP TABLE IF EXISTS `cars`;
/*!40101 SET @saved_cs_client     = @@character_set_client */;
/*!50503 SET character_set_client = utf8mb4 */;
CREATE TABLE `cars` (
  `id-car` int NOT NULL AUTO_INCREMENT,
  `number` mediumtext NOT NULL,
  `model` mediumtext NOT NULL,
  `fuel-type` mediumtext NOT NULL,
  `fuel-usage` double NOT NULL,
  `engine-volume` double NOT NULL,
  `start-date` date NOT NULL,
  `start-order-number` varchar(45) NOT NULL,
  `end-date` date DEFAULT NULL,
  `end-order-number` varchar(45) DEFAULT NULL,
  `valid` tinyint NOT NULL,
  `start-fuel` double NOT NULL,
  `start-mileage` double NOT NULL,
  PRIMARY KEY (`id-car`),
  UNIQUE KEY `idCar_UNIQUE` (`id-car`)
) ENGINE=InnoDB AUTO_INCREMENT=69 DEFAULT CHARSET=utf8mb4 COLLATE=utf8mb4_0900_ai_ci;
/*!40101 SET character_set_client = @saved_cs_client */;

--
-- Dumping data for table `cars`
--

LOCK TABLES `cars` WRITE;
/*!40000 ALTER TABLE `cars` DISABLE KEYS */;
INSERT INTO `cars` VALUES (64,'АА4268КМ','Volkswagen CADDY','дизельне паливо',8,1598,'2018-11-30','-',NULL,NULL,1,30,911810),(65,'АА4663КМ','Volkswagen CADDY','дизельне паливо',10,1,'2018-11-30','-',NULL,NULL,1,22,100000),(66,'АА4269КМ','Volkswagen CADDY','дизельне паливо',9,1968,'2018-11-30','-',NULL,NULL,1,30,606819),(67,'АЕ7075РІ','Volkswagen CRAFTER 50','дизельне паливо',15,1968,'2016-09-09','-',NULL,NULL,1,25,513498),(68,'АА7189МВ','INTERCARGOTRUK','дизельне паливо',16,2987,'2024-04-28','оренда',NULL,NULL,1,27,62020);
/*!40000 ALTER TABLE `cars` ENABLE KEYS */;
UNLOCK TABLES;

--
-- Table structure for table `lists`
--

DROP TABLE IF EXISTS `lists`;
/*!40101 SET @saved_cs_client     = @@character_set_client */;
/*!50503 SET character_set_client = utf8mb4 */;
CREATE TABLE `lists` (
  `id` int NOT NULL AUTO_INCREMENT,
  `number` int NOT NULL,
  `id-order` int DEFAULT NULL,
  `id-car` int NOT NULL,
  `start-mileage` double NOT NULL,
  `start-fuel` double NOT NULL,
  `end-mileage` double DEFAULT NULL,
  `end-fuel` double DEFAULT NULL,
  `refuel` double DEFAULT NULL,
  `done` tinyint NOT NULL,
  `start-date` date NOT NULL,
  `end-date` date NOT NULL,
  `route` longtext NOT NULL,
  `goal` longtext NOT NULL,
  `id-worker` int NOT NULL,
  PRIMARY KEY (`id`)
) ENGINE=InnoDB AUTO_INCREMENT=50 DEFAULT CHARSET=utf8mb4 COLLATE=utf8mb4_0900_ai_ci;
/*!40101 SET character_set_client = @saved_cs_client */;

--
-- Dumping data for table `lists`
--

LOCK TABLES `lists` WRITE;
/*!40000 ALTER TABLE `lists` DISABLE KEYS */;
INSERT INTO `lists` VALUES (25,1,-1,64,911810,30,912011,15,0,1,'2025-01-10','2025-01-10','м. Київ','поставка товару',9),(26,2,8,64,912011,15,912422,35,50,1,'2025-01-16','2025-01-16','Чернігів','поставки товару',9),(27,3,10,66,606819,30,607828,20,70.88,1,'2025-01-08','2025-01-08','Харків','поставки товару',13),(28,4,11,67,513498,25,514477,20,133.73,1,'2025-01-08','2025-01-08','Суми, Шостка, Конотоп, Згурівка, Глухів, Ромни, Буринь, Недригайлів ','поставки товару',15),(30,5,19,66,607828,20,609306,30,129.34,1,'2025-01-13','2025-01-13','Харків, Балаклія, Полтава, Лубни, Бориспіль, Гадяч, Карлівка  ','поставки товару',13),(31,6,18,67,514653,35,516069,80,254.16,1,'2025-01-13','2025-01-13','Дніпро, Кам’янське, Нікополь, Кривий Ріг, Запоріжжя','поставки товару',15),(32,7,-1,64,912422,35,912597,25,0,1,'2025-01-17','2025-01-17','Київ','поставки товару',9),(33,8,20,64,912597,25,913484,50,75,1,'2025-01-20','2025-01-20','Коростень, Житомир, Коростишів, Ірпінь, Станишівка, Бердичів, Андрушівка, Ворзель, Буча, Олевськ, Малин','поставки товару',9),(34,9,-1,64,913484,50,913570,45,0,1,'2025-01-23','2025-01-23','Київ','поставки товару',9),(35,10,23,64,913570,45,913894,25,0,1,'2025-01-24','2025-01-24','Чернігів','поставки товару',9),(36,11,24,64,913894,25,915067,30,75,1,'2025-01-27','2025-01-27','Харків, Зіньків, Полтава, Лубни  ','поставки товару',9),(37,12,-1,64,915067,30,915219,20,0,1,'2025-01-30','2025-01-30','Київ','поставки товару',9),(38,13,-1,66,609306,30,609427,22,0,1,'2025-01-24','2025-01-24','Київ','поставки товару',15),(39,14,-1,66,609427,22,609698,10,0,1,'2025-01-30','2025-01-30','Київ, Київська обл.','поставки товару',15),(40,15,-1,67,516069,80,514653,35,40,1,'2025-01-10','2025-01-10','Київ','-',15),(41,16,26,67,516069,80,517146,85,140.89,1,'2025-01-16','2025-01-16','Кам\'янка-Бузька','поставки товару',15),(42,17,27,67,517146,85,518203,36,108.18,1,'2025-01-20','2025-01-20','Харків','поставки товару',15),(43,18,-1,67,518203,36,518334,70,50,1,'2025-01-22','2025-01-22','Київ','-',15),(44,19,-1,67,518334,70,518391,62,0,1,'2025-01-23','2025-01-23','Київ','-',15),(45,20,31,67,518391,62,519742,60,182.35,1,'2025-01-27','2025-01-27','Кривий Ріг, Дніпро, Запоріжжя, Переяслав, Кам’янське ','поставки товару',15),(46,21,-1,65,100000,22,100820,46,106,1,'2025-01-17','2025-01-17','Кам\'янське','поставки товару',20),(48,22,-1,65,100820,46,101647,60,94,1,'2025-01-22','2025-01-23','Кам\'янське','поставки товару',15),(49,23,-1,65,101647,60,102477,42,65,1,'2025-01-24','2025-01-24','Кам\'янське','поставки товару',15);
/*!40000 ALTER TABLE `lists` ENABLE KEYS */;
UNLOCK TABLES;

--
-- Table structure for table `orders`
--

DROP TABLE IF EXISTS `orders`;
/*!40101 SET @saved_cs_client     = @@character_set_client */;
/*!50503 SET character_set_client = utf8mb4 */;
CREATE TABLE `orders` (
  `id-order` int NOT NULL AUTO_INCREMENT,
  `order-date` date NOT NULL,
  `order-number` mediumtext NOT NULL,
  `id-worker` int NOT NULL,
  `start-date` date NOT NULL,
  `end-date` date NOT NULL,
  `route` longtext NOT NULL,
  `money` double NOT NULL,
  `goal` longtext NOT NULL,
  `head` mediumtext NOT NULL,
  PRIMARY KEY (`id-order`)
) ENGINE=InnoDB AUTO_INCREMENT=74 DEFAULT CHARSET=utf8mb4 COLLATE=utf8mb4_0900_ai_ci;
/*!40101 SET character_set_client = @saved_cs_client */;

--
-- Dumping data for table `orders`
--

LOCK TABLES `orders` WRITE;
/*!40000 ALTER TABLE `orders` DISABLE KEYS */;
INSERT INTO `orders` VALUES (8,'2025-01-15','11-вд',9,'2025-01-16','2025-01-16','Чернігів',1200,'поставки товару','Фадєєва Марина Сергіївна'),(9,'2025-01-15','12-вд',13,'2025-01-16','2025-01-17','Кам’янка-Бузька',1200,'поставки товару','Фадєєва Марина Сергіївна'),(10,'2025-01-07','1-вд',13,'2025-01-08','2025-01-09','Харків',1200,'поставки товару','Фадєєва Марина Сергіївна'),(11,'2025-01-07','2-вд',15,'2025-01-08','2025-01-09','Суми, Шостка, Конотоп, Згурівка, Глухів, Ромни, Буринь, Недригайлів ',1200,'поставки товару','Фадєєва Марина Сергіївна'),(12,'2025-01-10','6-вд',14,'2025-01-13','2025-01-14','Хмельницький, Бердичів ',1200,'поставки товару','Фадєєва Марина Сергіївна'),(13,'2025-01-31','25-вд',10,'2025-02-03','2025-02-04','Кам’янка-Бузька ',1200,'поставки товару','Фадєєва Марина Сергіївна'),(14,'2025-01-31','26-вд',12,'2025-02-03','2025-02-04','Кам’янка-Бузька ',1200,'поставки товару','Фадєєва Марина Сергіївна'),(15,'2025-01-24','20-вд',14,'2025-01-27','2025-01-28','Хмельницький',1200,'поставки товару','Фадєєва Марина Сергіївна'),(16,'2025-02-04','27-вд',12,'2025-02-05','2025-02-06','Охтирка',1200,'поставки товару','Фадєєва Марина Сергіївна'),(18,'2025-01-10','5-вд',15,'2025-01-13','2025-01-15','Дніпро, Кам’янське, Нікополь, Кривий Ріг, Запоріжжя',1200,'поставки товару','Фадєєва Марина Сергіївна'),(19,'2025-01-10','7-вд',13,'2025-01-13','2025-01-15','Харків, Балаклія, Полтава, Лубни, Бориспіль, Гадяч, Карлівка  ',1200,'поставки товару','Фадєєва Марина Сергіївна'),(20,'2025-01-17','14-вд',9,'2025-01-20','2025-01-21','Коростень, Житомир, Коростишів, Ірпінь, Станишівка, Бердичів, Андрушівка, Ворзель, Буча, Олевськ, Малин',1200,'поставки товару','Фадєєва Марина Сергіївна'),(21,'2025-01-09','3-вд',16,'2025-01-15','2025-01-17','Київ-Кропивницький-Київ',800,'проведення комерційних переговорів з приводу умов укладення договору поставки партії товарів медичного призначення; встановлення господарських зв’язків з потенційними бізнес-партнерами','Фадєєва Марина Сергіївна'),(22,'2025-01-09','4-вд',16,'2025-01-20','2025-01-21','Київ-Полтава, Хорол -Київ ( КНП «Хорольська міська центральна лікарня» , Полтавська обласна клінічна лікарня , Полтавська центральна районна лікарня, Полтавський онкологічний диспансер)',800,'проведення комерційних переговорів з приводу умов укладення договору поставки партії товарів медичного призначення; встановлення господарських зв’язків з потенційними бізнес-партнерами','Фадєєва Марина Сергіївна'),(23,'2025-01-23','18-вд',9,'2025-01-24','2025-01-24','Чернігів',1200,'поставки товару','Фадєєва Марина Сергіївна'),(24,'2025-01-24','21-вд',9,'2025-01-27','2025-01-29','Харків, Зіньків, Полтава, Лубни  ',1200,'поставки товару','Фадєєва Марина Сергіївна'),(25,'2025-01-15','9-вд',17,'2025-01-15','2025-01-15','м. Київ-Івано-Франківськ- Київ  (КНП «Обласна клінічна лікарня», КНП «Центральна міська клінічна лікарня» , КНП «Прикарпатський клінічний онколоґічний центр» Івано-Франківської обласної ради, клінічний лікувально-діагностичний центр «Сімедгруп» ) ',800,'проведення комерційних переговорів з приводу умов укладення договору поставки партії товарів медичного призначення; встановлення господарських зв’язків з потенційними бізнес-партнерами','Фадєєва Марина Сергіївна'),(26,'2025-01-16','10-вд',15,'2025-01-16','2025-01-17','Кам\'янка-Бузька',1200,'поставки товару','Фадєєва Марина Сергіївна'),(27,'2025-01-17','15-вд',15,'2025-01-20','2025-01-21','Харків',1200,'поставки товару','Фадєєва Марина Сергіївна'),(28,'2025-01-16','13-вд',20,'2025-01-17','2025-01-17','Кам\'янське',1200,'для виконання службового завдання','Фадєєва Марина Сергіївна'),(29,'2025-01-20','16-вд',17,'2025-01-20','2025-01-20','м. Київ-Тернопіль - Київ (Тернопільська обласна клінічна лікарня , обласний клінічний онкологічний диспансер) ',800,'проведення комерційних переговорів з приводу умов укладення договору поставки партії товарів медичного призначення; встановлення господарських зв’язків з потенційними бізнес-партнерами','Фадєєва Марина Сергіївна'),(30,'2025-01-20','17-вд',17,'2025-01-23','2025-01-24','м. Київ-Чернівці - Київ (Чернівецька обласна клінічна лікарня,   лікарня швидкої медичної допомоги,  Чернівецький клінічний онкологічний центр, МЦ «Клініка Святого Луки») ',800,'проведення комерційних переговорів з приводу умов укладення договору поставки партії товарів медичного призначення; встановлення господарських зв’язків з потенційними бізнес-партнерами','Фадєєва Марина Сергіївна'),(31,'2025-01-24','19-вд',15,'2025-01-27','2025-01-29','Кривий Ріг, Дніпро, Запоріжжя, Переяслав, Кам’янське ',1200,'поставки товару','Фадєєва Марина Сергіївна'),(32,'2025-01-27','22-вд',17,'2025-01-30','2025-01-31','м. Київ-Ужгород - Київ (Обласний клінічний центр нейрохірургії та неврології, Закарпатський протипухлинний центр,  Закарпатський обласний клінічний центр кардіології та кардіохірургії) ',800,'проведення комерційних переговорів з приводу умов укладення договору поставки партії товарів медичного призначення; встановлення господарських зв’язків з потенційними бізнес-партнерами','Фадєєва Марина Сергіївна'),(33,'2025-01-31','23-вд',15,'2025-02-03','2025-02-05','Суми, Охтирка, Ромни, Прилуки, Глухів, Згурівка, Буринь, Шостка, Тростянець, Недригайлів, Конотоп ',1200,'поставки товару','Фадєєва Марина Сергіївна'),(34,'2025-01-31','24-вд',9,'2025-02-03','2025-02-04','Біла Церква, Південноукраїнськ, Миколаїв, Умань, Тальне, Одеса ',1200,'поставки товару','Фадєєва Марина Сергіївна'),(35,'2025-01-10','8-вд',21,'2025-01-13','2025-01-30','Відень, Австрія',1200,'для проведення комерційних переговорів та узгодження графіків фінансування (оплат) поставки товарів медичного призначення на митну територію України з компанією ALEXX Pharma Invest GmbH, яка знаходиться за адресою: Perfectstrasse 73A/С/1 1230 Vienna.','Фадєєва Марина Сергіївна'),(36,'2025-02-03','27/1-вд',17,'2025-02-03','2025-02-03','м. Київ-Тернопіль - Київ (Тернопільська обласна клінічна лікарня , обласний клінічний онкологічний диспансер) ',800,'проведення комерційних переговорів з приводу умов укладення договору поставки партії товарів медичного призначення; встановлення господарських зв’язків з потенційними бізнес-партнерами','Фадєєва Марина Сергіївна'),(37,'2025-02-05','28-вд',14,'2025-02-06','2025-02-07','Хмельницький',1200,'поставки товару','Фадєєва Марина Сергіївна'),(38,'2025-02-05','29-вд',9,'2025-02-06','2025-02-06','Чернігів, Халявинська сільська рада, 4-й кілометр Гомельського шосе, б.6 ',1200,'поставки товару','Фадєєва Марина Сергіївна'),(39,'2025-02-07','30-вд',12,'2025-02-10','2025-02-12','Кривий Ріг, Дніпро, Запоріжжя, Кам’янське ',1200,'поставки товару','Фадєєва Марина Сергіївна'),(40,'2025-02-10','31-вд',16,'2025-02-11','2025-02-13','Київ- Кропивницький - Київ (КНП Обласний клінічний онкологічний центр КОР, Кіровоградська обласна клінічна лікарня, Обласна клінічна дитяча лікарня, Лікарня Святого Луки, Центр репродуктивної медицини «Альба-Сіті», Фармація Кіровоградська обласна комунальна корпорація) ',800,'проведення комерційних переговорів з приводу умов укладення договору поставки партії товарів медичного призначення; встановлення господарських зв’язків з потенційними бізнес-партнерами','Фадєєва Марина Сергіївна'),(41,'2025-02-10','32-вд',17,'2025-02-13','2025-02-14','м. Київ- Чернівці -Київ  (Чернівецька обласна клінічна лікарня,   лікарня швидкої медичної допомоги,  Чернівецький клінічний онкологічний центр, МЦ «Клініка Святого Луки»)',800,'проведення комерційних переговорів з приводу умов укладення договору поставки партії товарів медичного призначення; встановлення господарських зв’язків з потенційними бізнес-партнерами','Фадєєва Марина Сергіївна'),(42,'2025-02-12','33-вд',12,'2025-02-13','2025-02-14','Кам’янка-Бузька ',1200,'поставки товару','Фадєєва Марина Сергіївна'),(43,'2025-02-12','34-вд',10,'2025-02-13','2025-02-14','Кам’янка-Бузька ',1200,'поставки товару','Фадєєва Марина Сергіївна'),(44,'2025-01-31','35-вд',15,'2025-02-13','2025-02-13','Чернігів',1200,'поставки товару','Фадєєва Марина Сергіївна'),(45,'2025-02-14','36-вд',9,'2025-02-17','2025-02-18','Зарічани, Звягель, Житомир, Попільня, Андрушівка, Станишівка, Олевськ, Малин, Баранівка, Бердичів, Ірпінь, Буча, Лугини ',1200,'поставки товару','Фадєєва Марина Сергіївна'),(46,'2025-02-14','37-вд',15,'2025-02-17','2025-02-19','Ставище, Обухів, Умань, Ізмаїл, Одеса, Миколаїв, Південноукраїнськ, Фастів, Біла Церква, Бориспіль, Тараща, Володарка',1200,'поставки товару','Фадєєва Марина Сергіївна'),(47,'2025-02-18','38-вд',17,'2025-02-19','2025-02-19','м. Київ- Івано-Франківськ - Київ (КНП «Обласна клінічна лікарня», КНП «Центральна міська клінічна лікарня» , КНП «Прикарпатський клінічний онколоґічний центр» Івано-Франківської обласної ради, клінічний лікувально-діагностичний центр «Сімедгруп» )',800,'проведення комерційних переговорів з приводу умов укладення договору поставки партії товарів медичного призначення; встановлення господарських зв’язків з потенційними бізнес-партнерами','Фадєєва Марина Сергіївна'),(48,'2025-02-20','39-вд',15,'2025-02-21','2025-02-21','Суми, Ромни ',1200,'поставки товару','Фадєєва Марина Сергіївна'),(49,'2025-02-21','40-вд',17,'2025-02-27','2025-02-28','м. Київ- Ужгород - Київ (Обласний клінічний центр нейрохірургії та неврології, Закарпатський протипухлинний центр,  Закарпатський обласний клінічний центр кардіології та кардіохірургії)',800,'проведення комерційних переговорів з приводу умов укладення договору поставки партії товарів медичного призначення; встановлення господарських зв’язків з потенційними бізнес-партнерами','Фадєєва Марина Сергіївна'),(50,'2025-02-21','41-вд',15,'2025-02-24','2025-02-26','Дніпро, Кривий Ріг, Софіївка, Запоріжжя, Кропивницький, Лозова, Кам’янське, Шпола, Нікополь ',1200,'поставки товару','Фадєєва Марина Сергіївна'),(51,'2025-02-21','42-вд',9,'2025-02-24','2025-02-26','Полтава, Харків, Мерефа, Балаклія, Лубни, Гадяч, Гребінка ',1200,'поставки товару','Фадєєва Марина Сергіївна'),(52,'2025-02-24','43-вд',16,'2025-02-25','2025-02-26','Київ-Полтава, Хорол -Київ ( КНП «Хорольська міська центральна лікарня» , Полтавська обласна клінічна лікарня , Полтавська центральна районна лікарня, Полтавський онкологічний диспансер)',800,'проведення комерційних переговорів з приводу умов укладення договору поставки партії товарів медичного призначення; встановлення господарських зв’язків з потенційними бізнес-партнерами','Фадєєва Марина Сергіївна'),(53,'2025-02-24','44-вд',12,'2025-02-25','2025-02-26','Кам’янка-Бузька ',1200,'поставки товару','Фадєєва Марина Сергіївна'),(54,'2025-02-24','45-вд',10,'2025-02-25','2025-02-26','Кам’янка-Бузька ',1200,'поставки товару','Фадєєва Марина Сергіївна'),(55,'2025-02-25','46-вд',14,'2025-02-26','2025-02-27','Хмельницький',1200,'поставки товару','Фадєєва Марина Сергіївна'),(56,'2025-02-28','47-вд',9,'2025-03-03','2025-03-05','Біла Церква, Ставище, Тараща, Тальне, Південноукраїнськ, Одеса, Фастів, Бориспіль, Обухів',1200,'поставки товару','Фадєєва Марина Сергіївна'),(57,'2025-02-28','48-вд',15,'2025-03-03','2025-03-05','Прилуки, Конотоп, Суми, Буринь, Охтирка, Тростянець, Ромни, Глухів, Шостка, Недригайлів ',1200,'поставки товару','Фадєєва Марина Сергіївна'),(58,'2025-03-03','49-вд',20,'2025-03-03','2025-03-05','Кишинів, Молдова ',1200,'проведення комерційних переговорів та укладення договору поставки партії товарів медичного призначення','Фадєєва Марина Сергіївна'),(59,'2025-03-03','50-вд',22,'2025-03-03','2025-03-05','Кишинів, Молдова ',1200,'проведення комерційних переговорів та укладення договору поставки партії товарів медичного призначення','Фадєєва Марина Сергіївна'),(60,'2025-03-05','51-вд',12,'2025-03-06','2025-03-06','Ромни',1200,'поставки товару','Олег Демянчук'),(62,'2025-03-05','52-вд',14,'2025-03-06','2025-03-07','Вінниця,  Хмельницький ',1200,'поставки товару','Олег Демянчук'),(63,'2025-03-06','53-вд',16,'2025-03-07','2025-03-07','Київ- Кривий Ріг - Київ ( «Криворізька міська клінічна лікарня №2» Криворізький онкологічний диспансер ) ',800,'проведення комерційних переговорів з приводу умов укладення договору поставки партії товарів медичного призначення; встановлення господарських зв’язків з потенційними бізнес-партнерами','Олег Демянчук'),(64,'2025-03-06','54-вд',16,'2025-03-10','2025-03-12','Київ-Полтава, Хорол -Київ ( КНП «Хорольська міська центральна лікарня» , Полтавська обласна клінічна лікарня , Полтавська центральна районна лікарня, Полтавський онкологічний диспансер)',800,'проведення комерційних переговорів з приводу умов укладення договору поставки партії товарів медичного призначення; встановлення господарських зв’язків з потенційними бізнес-партнерами','Олег Демянчук'),(65,'2025-03-07','55-вд',12,'2025-03-10','2025-03-12','Кривий Ріг, Дніпро, Бориспіль, Запоріжжя, Кам’янське ',1200,'поставки товару','Фадєєва Марина Сергіївна'),(66,'2025-03-07','56-вд',13,'2025-03-10','2025-03-11','Кам’янка-Бузька ',1200,'поставки товару','Фадєєва Марина Сергіївна'),(67,'2025-03-07','57-вд',9,'2025-03-10','2025-03-12','Харків, Зіньків, Яготин, Бориспіль, Берестин, Полтава, Лубни, Карлівка  ',1200,'поставки товару','Фадєєва Марина Сергіївна'),(68,'2025-03-10','58-вд',17,'2025-03-10','2025-03-10','м. Київ- Тернопіль - Київ  (Тернопільська обласна клінічна лікарня , обласний клінічний онкологічний диспансер) ',800,'проведення комерційних переговорів з приводу умов укладення договору поставки партії товарів медичного призначення; встановлення господарських зв’язків з потенційними бізнес-партнерами','Фадєєва Марина Сергіївна'),(69,'2025-03-10','59-вд',17,'2025-03-11','2025-03-11','м. Київ- Івано-Франківськ -Київ (КНП «Обласна клінічна лікарня», КНП «Центральна міська клінічна лікарня» , КНП «Прикарпатський клінічний онколоґічний центр» Івано-Франківської обласної ради, клінічний лікувально-діагностичний центр «Сімедгруп» )',800,'проведення комерційних переговорів з приводу умов укладення договору поставки партії товарів медичного призначення; встановлення господарських зв’язків з потенційними бізнес-партнерами','Фадєєва Марина Сергіївна'),(70,'2025-03-10','60-вд',21,'2025-03-11','2025-03-18','Польща, Австрія',1200,'проведення комерційних переговорів з компанією BSG Sp. z o.o., яка знаходиться за адресою: ul. Bohaterow Warszawy 3, biuro 13 69-100 Slubice та до міста Відень, Австрія для проведення комерційних переговорів та узгодження графіків фінансування (оплат) поставки товарів медичного призначення на митну територію України з компанією ALEXX Pharma Invest GmbH, яка знаходиться за адресою: Perfectstrasse 73A/С/1 1230 Vienna','Фадєєва Марина Сергіївна'),(71,'2025-03-10','61-вд',17,'2025-03-13','2025-03-14','м. Київ- Чернівці - Київ  (Чернівецька обласна клінічна лікарня,   лікарня швидкої медичної допомоги,  Чернівецький клінічний онкологічний центр, МЦ «Клініка Святого Луки»)',800,'проведення комерційних переговорів з приводу умов укладення договору поставки партії товарів медичного призначення; встановлення господарських зв’язків з потенційними бізнес-партнерами','Фадєєва Марина Сергіївна'),(72,'2025-03-12','62-вд',15,'2025-03-13','2025-03-13','Ніжин, Ріпки, Козелець, Чернігів, Суми',1200,'поставки товару','Фадєєва Марина Сергіївна'),(73,'2025-03-12','63-вд',9,'2025-03-13','2025-03-14','Харків78',1200,'поставки товару','Фадєєва Марина Сергіївна');
/*!40000 ALTER TABLE `orders` ENABLE KEYS */;
UNLOCK TABLES;

--
-- Table structure for table `parameters`
--

DROP TABLE IF EXISTS `parameters`;
/*!40101 SET @saved_cs_client     = @@character_set_client */;
/*!50503 SET character_set_client = utf8mb4 */;
CREATE TABLE `parameters` (
  `idparameters` int NOT NULL AUTO_INCREMENT,
  `name` mediumtext NOT NULL,
  `address` mediumtext NOT NULL,
  `code` int NOT NULL,
  `ceo` mediumtext NOT NULL,
  `accountant` mediumtext NOT NULL,
  `typeFull` longtext NOT NULL,
  `typeShort` mediumtext NOT NULL,
  PRIMARY KEY (`idparameters`)
) ENGINE=InnoDB AUTO_INCREMENT=4 DEFAULT CHARSET=utf8mb4 COLLATE=utf8mb4_0900_ai_ci;
/*!40101 SET character_set_client = @saved_cs_client */;

--
-- Dumping data for table `parameters`
--

LOCK TABLES `parameters` WRITE;
/*!40000 ALTER TABLE `parameters` DISABLE KEYS */;
INSERT INTO `parameters` VALUES (3,'УКРФАРМГРУП','03035, Україна, м.Київ, пров.Хомова Ярослава, буд. 14-А',39580810,'Фадєєва Марина Сергіївна','Паламар Наталія Василівна','ТОВАРИСТВО З ОБМЕЖЕНОЮ ВІДПОВІДАЛЬНІСТЮ','ТОВ');
/*!40000 ALTER TABLE `parameters` ENABLE KEYS */;
UNLOCK TABLES;

--
-- Table structure for table `positions`
--

DROP TABLE IF EXISTS `positions`;
/*!40101 SET @saved_cs_client     = @@character_set_client */;
/*!50503 SET character_set_client = utf8mb4 */;
CREATE TABLE `positions` (
  `id` int NOT NULL AUTO_INCREMENT,
  `nameN` longtext NOT NULL,
  `nameR` longtext NOT NULL,
  PRIMARY KEY (`id`)
) ENGINE=InnoDB AUTO_INCREMENT=28 DEFAULT CHARSET=utf8mb4 COLLATE=utf8mb4_0900_ai_ci;
/*!40101 SET character_set_client = @saved_cs_client */;

--
-- Dumping data for table `positions`
--

LOCK TABLES `positions` WRITE;
/*!40000 ALTER TABLE `positions` DISABLE KEYS */;
INSERT INTO `positions` VALUES (15,'водій5','водія'),(16,'ексредитор','експедитора'),(19,'менеджер з питань регіонального розвитку південно-східного регіону','менеджера з питань регіонального розвитку південно-східного регіону'),(20,'менеджер з питань регіонального розвитку західного регіону','менеджера з питань регіонального розвитку західного регіону'),(21,'менеджер з питань регіонального розвитку центрального регіону','менеджера з питань регіонального розвитку центрального регіону'),(22,'менеджер з питань регіонального розвитку південного регіону','менеджера з питань регіонального розвитку південного регіону'),(23,'начальник транспортно-експедиційного  відділу                                         ','начальника транспортно-експедиційного  відділу                                         '),(24,'заступник директора з фінансових питань                     ','заступника директора з фінансових питань                     '),(25,'директор','директора'),(26,'gh','h6'),(27,'tg','t');
/*!40000 ALTER TABLE `positions` ENABLE KEYS */;
UNLOCK TABLES;

--
-- Table structure for table `reports`
--

DROP TABLE IF EXISTS `reports`;
/*!40101 SET @saved_cs_client     = @@character_set_client */;
/*!50503 SET character_set_client = utf8mb4 */;
CREATE TABLE `reports` (
  `id` int NOT NULL AUTO_INCREMENT,
  `id-order` int NOT NULL,
  `comments` longtext,
  `date` date NOT NULL,
  PRIMARY KEY (`id`)
) ENGINE=InnoDB AUTO_INCREMENT=80 DEFAULT CHARSET=utf8mb4 COLLATE=utf8mb4_0900_ai_ci;
/*!40101 SET character_set_client = @saved_cs_client */;

--
-- Dumping data for table `reports`
--

LOCK TABLES `reports` WRITE;
/*!40000 ALTER TABLE `reports` DISABLE KEYS */;
INSERT INTO `reports` VALUES (65,12,'','2025-03-10'),(66,15,'','2025-01-29'),(67,10,'','2025-01-10'),(68,9,'','2025-01-20'),(69,8,'','2025-01-17'),(70,13,'','2025-02-05'),(71,14,'','2025-02-05'),(72,16,'','2025-02-07'),(73,11,'','2025-01-09'),(74,19,'','2025-01-15'),(75,18,'','2025-01-15'),(76,20,'','2025-01-21'),(77,21,'','2025-01-17'),(78,23,'','2025-03-11'),(79,24,'','2025-01-29');
/*!40000 ALTER TABLE `reports` ENABLE KEYS */;
UNLOCK TABLES;

--
-- Table structure for table `workers`
--

DROP TABLE IF EXISTS `workers`;
/*!40101 SET @saved_cs_client     = @@character_set_client */;
/*!50503 SET character_set_client = utf8mb4 */;
CREATE TABLE `workers` (
  `id` int NOT NULL AUTO_INCREMENT,
  `nameN` mediumtext NOT NULL,
  `nameR` longtext NOT NULL,
  `positionId` int NOT NULL,
  `drivingLicence` mediumtext,
  `start-date` date NOT NULL,
  `start-order-number` mediumtext NOT NULL,
  `end-date` date DEFAULT NULL,
  `end-order-number` mediumtext,
  `valid` tinyint NOT NULL,
  PRIMARY KEY (`id`)
) ENGINE=InnoDB AUTO_INCREMENT=23 DEFAULT CHARSET=utf8mb4 COLLATE=utf8mb4_0900_ai_ci;
/*!40101 SET character_set_client = @saved_cs_client */;

--
-- Dumping data for table `workers`
--

LOCK TABLES `workers` WRITE;
/*!40000 ALTER TABLE `workers` DISABLE KEYS */;
INSERT INTO `workers` VALUES (9,'Подлесний Ігор Олександрович ','Подлесного Ігоря Олександровича ',15,'КВЕ 387891','2024-08-14','38-к від 13.08.2024',NULL,NULL,1),(10,'Биховський Михайло Володимирович ','Биховського Михайла Володимировича',16,'-','2024-01-15','04-к від 12.01.2024',NULL,NULL,1),(11,'Дегтянніков Володимир Миколайович ','Дегтяннікова Володимира Миколайовича',16,'-','2020-09-15','12-к від 15.09.2020',NULL,NULL,1),(12,'Драч Вадим Петрович  ','Драча Вадима Петровича  ',15,'ВВТ 213354','2024-08-14','37-к від 13.08.2024',NULL,NULL,1),(13,'Кірін Вадим Костянтинович ','Кіріна Вадима Костянтиновича',16,'ВХХ 267317','2024-08-14','36-к від 13.08.2024',NULL,NULL,1),(14,'Пікалюк Олексій Олександрович ','Пікалюка Олекся Олександровича',16,'-','2021-06-07','24-к від 07.06.2021',NULL,NULL,1),(15,'Щербина Сергій Володимирович ','Щербину Сергія Володимировича',15,'ААВ 419828','2021-08-17','33-к від 16.08.2021',NULL,NULL,1),(16,'Пєтухова Наталя Танасівна','Пєтухової Натала Танасівни',19,'-','2024-04-24','19-к від 24.04.2024',NULL,NULL,1),(17,'Луценко Лілія Олександрівна ','Луценко Лілії Олександрівни',20,'-','2024-05-10','22-к від 10.05.2024',NULL,NULL,1),(18,'Сосна Марія Петрівна ','Сосни Марії Петрівни',21,'-','2025-03-10','11-к від 10.03.2025',NULL,NULL,1),(19,'Воробйова Анастасія Юріївна ','Воробйової Анастасії Юріївни',22,'-','2025-03-10','12-к від 10.03.2025',NULL,NULL,1),(20,'Серга Сергій Вадимович','Сергі Сергія Вадимовича',23,'ВХР972008','2024-01-01','-',NULL,NULL,1),(21,'Демянчук Олег Миколайович','Демянчука Олега Миколайовича',24,'-','2023-01-09','-',NULL,NULL,1),(22,'Фадєєва Марина Сергіївна','Фадєєвої Марини Сергіївни',25,'-','2020-01-01','-',NULL,NULL,1);
/*!40000 ALTER TABLE `workers` ENABLE KEYS */;
UNLOCK TABLES;
/*!40103 SET TIME_ZONE=@OLD_TIME_ZONE */;

/*!40101 SET SQL_MODE=@OLD_SQL_MODE */;
/*!40014 SET FOREIGN_KEY_CHECKS=@OLD_FOREIGN_KEY_CHECKS */;
/*!40014 SET UNIQUE_CHECKS=@OLD_UNIQUE_CHECKS */;
/*!40101 SET CHARACTER_SET_CLIENT=@OLD_CHARACTER_SET_CLIENT */;
/*!40101 SET CHARACTER_SET_RESULTS=@OLD_CHARACTER_SET_RESULTS */;
/*!40101 SET COLLATION_CONNECTION=@OLD_COLLATION_CONNECTION */;
/*!40111 SET SQL_NOTES=@OLD_SQL_NOTES */;

-- Dump completed on 2025-03-14 17:30:57
